Address1,City1,State1,Zip1,Address2,City2,State2,Zip2,distance,Index1,Index2
1060 Dalton Ave S,Salt Lake City,UT,84104,4001 South 700 East,Salt Lake City,UT,84107,7.2,1,0
1330 2100 S,Salt Lake City,UT,84106,4001 South 700 East,Salt Lake City,UT,84107,3.8,2,0
1488 4800 S,Salt Lake City,UT,84123,4001 South 700 East,Salt Lake City,UT,84107,11,3,0
177 W Price Ave,Salt Lake City,UT,84115,4001 South 700 East,Salt Lake City,UT,84107,2.2,4,0
195 W Oakland Ave,Salt Lake City,UT,84115,4001 South 700 East,Salt Lake City,UT,84107,3.5,5,0
2010 W 500 S,Salt Lake City,UT,84104,4001 South 700 East,Salt Lake City,UT,84107,10.9,6,0
2300 Parkway Blvd,West Valley City,UT,84119,4001 South 700 East,Salt Lake City,UT,84107,8.6,7,0
233 Canyon Rd,Salt Lake City,UT,84103,4001 South 700 East,Salt Lake City,UT,84107,7.6,8,0
2530 S 500 E,Salt Lake City,UT,84106,4001 South 700 East,Salt Lake City,UT,84107,2.8,9,0
2600 Taylorsville Blvd,Salt Lake City,UT,84118,4001 South 700 East,Salt Lake City,UT,84107,6.4,10,0
2835 Main St,Salt Lake City,UT,84115,4001 South 700 East,Salt Lake City,UT,84107,3.2,11,0
300 State St,Salt Lake City,UT,84103,4001 South 700 East,Salt Lake City,UT,84107,7.6,12,0
3060 Lester St,West Valley City,UT,84119,4001 South 700 East,Salt Lake City,UT,84107,5.2,13,0
3148 S 1100 W,Salt Lake City,UT,84119,4001 South 700 East,Salt Lake City,UT,84107,4.4,14,0
3365 S 900 W,Salt Lake City,UT,84119,4001 South 700 East,Salt Lake City,UT,84107,3.661128164,15,0
3575 W Valley Central Station bus Loop,West Valley City,UT,84119,4001 South 700 East,Salt Lake City,UT,84107,7.6,16,0
3595 Main St,Salt Lake City,UT,84115,4001 South 700 East,Salt Lake City,UT,84107,2,17,0
380 W 2880 S,Salt Lake City,UT,84115,4001 South 700 East,Salt Lake City,UT,84107,3.6,18,0
410 S State St,Salt Lake City,UT,84111,4001 South 700 East,Salt Lake City,UT,84107,6.5,19,0
4300 S 1300 E,Millcreek,UT,84117,4001 South 700 East,Salt Lake City,UT,84107,1.9,20,0
4580 S 2300 E,Holladay,UT,84117,4001 South 700 East,Salt Lake City,UT,84107,3.4,21,0
5025 State St,Murray,UT,84107,4001 South 700 East,Salt Lake City,UT,84107,2.4,22,0
5100 South 2700 West,Salt Lake City,UT,84118,4001 South 700 East,Salt Lake City,UT,84107,6.4,23,0
5383 South 900 East #104,Salt Lake City,UT,84117,4001 South 700 East,Salt Lake City,UT,84107,2.4,24,0
600 E 900 South,Salt Lake City,UT,84105,4001 South 700 East,Salt Lake City,UT,84107,5,25,0
6351 South 900 East,Murray,UT,84121,4001 South 700 East,Salt Lake City,UT,84107,3.6,26,0
1330 2100 S,Salt Lake City,UT,84106,1060 Dalton Ave S,Salt Lake City,UT,84104,7.1,2,1
1488 4800 S,Salt Lake City,UT,84123,1060 Dalton Ave S,Salt Lake City,UT,84104,6.4,3,1
177 W Price Ave,Salt Lake City,UT,84115,1060 Dalton Ave S,Salt Lake City,UT,84104,6,4,1
195 W Oakland Ave,Salt Lake City,UT,84115,1060 Dalton Ave S,Salt Lake City,UT,84104,4.8,5,1
2010 W 500 S,Salt Lake City,UT,84104,1060 Dalton Ave S,Salt Lake City,UT,84104,1.6,6,1
2300 Parkway Blvd,West Valley City,UT,84119,1060 Dalton Ave S,Salt Lake City,UT,84104,2.8,7,1
233 Canyon Rd,Salt Lake City,UT,84103,1060 Dalton Ave S,Salt Lake City,UT,84104,4.8,8,1
2530 S 500 E,Salt Lake City,UT,84106,1060 Dalton Ave S,Salt Lake City,UT,84104,6.3,9,1
2600 Taylorsville Blvd,Salt Lake City,UT,84118,1060 Dalton Ave S,Salt Lake City,UT,84104,7.3,10,1
2835 Main St,Salt Lake City,UT,84115,1060 Dalton Ave S,Salt Lake City,UT,84104,5.3,11,1
300 State St,Salt Lake City,UT,84103,1060 Dalton Ave S,Salt Lake City,UT,84104,4.8,12,1
3060 Lester St,West Valley City,UT,84119,1060 Dalton Ave S,Salt Lake City,UT,84104,3,13,1
3148 S 1100 W,Salt Lake City,UT,84119,1060 Dalton Ave S,Salt Lake City,UT,84104,4.6,14,1
3365 S 900 W,Salt Lake City,UT,84119,1060 Dalton Ave S,Salt Lake City,UT,84104,4.5,15,1
3575 W Valley Central Station bus Loop,West Valley City,UT,84119,1060 Dalton Ave S,Salt Lake City,UT,84104,7.4,16,1
3595 Main St,Salt Lake City,UT,84115,1060 Dalton Ave S,Salt Lake City,UT,84104,6,17,1
380 W 2880 S,Salt Lake City,UT,84115,1060 Dalton Ave S,Salt Lake City,UT,84104,5,18,1
410 S State St,Salt Lake City,UT,84111,1060 Dalton Ave S,Salt Lake City,UT,84104,4.8,19,1
4300 S 1300 E,Millcreek,UT,84117,1060 Dalton Ave S,Salt Lake City,UT,84104,9.5,20,1
4580 S 2300 E,Holladay,UT,84117,1060 Dalton Ave S,Salt Lake City,UT,84104,10.9,21,1
5025 State St,Murray,UT,84107,1060 Dalton Ave S,Salt Lake City,UT,84104,8.3,22,1
5100 South 2700 West,Salt Lake City,UT,84118,1060 Dalton Ave S,Salt Lake City,UT,84104,6.9,23,1
5383 South 900 East #104,Salt Lake City,UT,84117,1060 Dalton Ave S,Salt Lake City,UT,84104,10,24,1
600 E 900 South,Salt Lake City,UT,84105,1060 Dalton Ave S,Salt Lake City,UT,84104,4.4,25,1
6351 South 900 East,Murray,UT,84121,1060 Dalton Ave S,Salt Lake City,UT,84104,13,26,1
1488 4800 S,Salt Lake City,UT,84123,1330 2100 S,Salt Lake City,UT,84106,9.2,3,2
177 W Price Ave,Salt Lake City,UT,84115,1330 2100 S,Salt Lake City,UT,84106,4.4,4,2
195 W Oakland Ave,Salt Lake City,UT,84115,1330 2100 S,Salt Lake City,UT,84106,2.8,5,2
2010 W 500 S,Salt Lake City,UT,84104,1330 2100 S,Salt Lake City,UT,84106,8.6,6,2
2300 Parkway Blvd,West Valley City,UT,84119,1330 2100 S,Salt Lake City,UT,84106,6.3,7,2
233 Canyon Rd,Salt Lake City,UT,84103,1330 2100 S,Salt Lake City,UT,84106,5.3,8,2
2530 S 500 E,Salt Lake City,UT,84106,1330 2100 S,Salt Lake City,UT,84106,1.6,9,2
2600 Taylorsville Blvd,Salt Lake City,UT,84118,1330 2100 S,Salt Lake City,UT,84106,10.4,10,2
2835 Main St,Salt Lake City,UT,84115,1330 2100 S,Salt Lake City,UT,84106,3,11,2
300 State St,Salt Lake City,UT,84103,1330 2100 S,Salt Lake City,UT,84106,5.3,12,2
3060 Lester St,West Valley City,UT,84119,1330 2100 S,Salt Lake City,UT,84106,6.5,13,2
3148 S 1100 W,Salt Lake City,UT,84119,1330 2100 S,Salt Lake City,UT,84106,5.6,14,2
3365 S 900 W,Salt Lake City,UT,84119,1330 2100 S,Salt Lake City,UT,84106,5.8,15,2
3575 W Valley Central Station bus Loop,West Valley City,UT,84119,1330 2100 S,Salt Lake City,UT,84106,5.7,16,2
3595 Main St,Salt Lake City,UT,84115,1330 2100 S,Salt Lake City,UT,84106,4.1,17,2
380 W 2880 S,Salt Lake City,UT,84115,1330 2100 S,Salt Lake City,UT,84106,3.6,18,2
410 S State St,Salt Lake City,UT,84111,1330 2100 S,Salt Lake City,UT,84106,4.3,19,2
4300 S 1300 E,Millcreek,UT,84117,1330 2100 S,Salt Lake City,UT,84106,3.3,20,2
4580 S 2300 E,Holladay,UT,84117,1330 2100 S,Salt Lake City,UT,84106,5,21,2
5025 State St,Murray,UT,84107,1330 2100 S,Salt Lake City,UT,84106,6.1,22,2
5100 South 2700 West,Salt Lake City,UT,84118,1330 2100 S,Salt Lake City,UT,84106,9.7,23,2
5383 South 900 East #104,Salt Lake City,UT,84117,1330 2100 S,Salt Lake City,UT,84106,6.1,24,2
600 E 900 South,Salt Lake City,UT,84105,1330 2100 S,Salt Lake City,UT,84106,2.8,25,2
6351 South 900 East,Murray,UT,84121,1330 2100 S,Salt Lake City,UT,84106,7.4,26,2
177 W Price Ave,Salt Lake City,UT,84115,1488 4800 S,Salt Lake City,UT,84123,5.6,4,3
195 W Oakland Ave,Salt Lake City,UT,84115,1488 4800 S,Salt Lake City,UT,84123,6.9,5,3
2010 W 500 S,Salt Lake City,UT,84104,1488 4800 S,Salt Lake City,UT,84123,8.6,6,3
2300 Parkway Blvd,West Valley City,UT,84119,1488 4800 S,Salt Lake City,UT,84123,4,7,3
233 Canyon Rd,Salt Lake City,UT,84103,1488 4800 S,Salt Lake City,UT,84123,11.1,8,3
2530 S 500 E,Salt Lake City,UT,84106,1488 4800 S,Salt Lake City,UT,84123,7.3,9,3
2600 Taylorsville Blvd,Salt Lake City,UT,84118,1488 4800 S,Salt Lake City,UT,84123,1,10,3
2835 Main St,Salt Lake City,UT,84115,1488 4800 S,Salt Lake City,UT,84123,6.4,11,3
300 State St,Salt Lake City,UT,84103,1488 4800 S,Salt Lake City,UT,84123,11.1,12,3
3060 Lester St,West Valley City,UT,84119,1488 4800 S,Salt Lake City,UT,84123,3.9,13,3
3148 S 1100 W,Salt Lake City,UT,84119,1488 4800 S,Salt Lake City,UT,84123,4.3,14,3
3365 S 900 W,Salt Lake City,UT,84119,1488 4800 S,Salt Lake City,UT,84123,4.4,15,3
3575 W Valley Central Station bus Loop,West Valley City,UT,84119,1488 4800 S,Salt Lake City,UT,84123,7.2,16,3
3595 Main St,Salt Lake City,UT,84115,1488 4800 S,Salt Lake City,UT,84123,5.3,17,3
380 W 2880 S,Salt Lake City,UT,84115,1488 4800 S,Salt Lake City,UT,84123,6,18,3
410 S State St,Salt Lake City,UT,84111,1488 4800 S,Salt Lake City,UT,84123,10.6,19,3
4300 S 1300 E,Millcreek,UT,84117,1488 4800 S,Salt Lake City,UT,84123,5.9,20,3
4580 S 2300 E,Holladay,UT,84117,1488 4800 S,Salt Lake City,UT,84123,7.4,21,3
5025 State St,Murray,UT,84107,1488 4800 S,Salt Lake City,UT,84123,4.7,22,3
5100 South 2700 West,Salt Lake City,UT,84118,1488 4800 S,Salt Lake City,UT,84123,0.6,23,3
5383 South 900 East #104,Salt Lake City,UT,84117,1488 4800 S,Salt Lake City,UT,84123,6.4,24,3
600 E 900 South,Salt Lake City,UT,84105,1488 4800 S,Salt Lake City,UT,84123,10.1,25,3
6351 South 900 East,Murray,UT,84121,1488 4800 S,Salt Lake City,UT,84123,10.1,26,3
195 W Oakland Ave,Salt Lake City,UT,84115,177 W Price Ave,Salt Lake City,UT,84115,1.9,5,4
2010 W 500 S,Salt Lake City,UT,84104,177 W Price Ave,Salt Lake City,UT,84115,7.9,6,4
2300 Parkway Blvd,West Valley City,UT,84119,177 W Price Ave,Salt Lake City,UT,84115,5.1,7,4
233 Canyon Rd,Salt Lake City,UT,84103,177 W Price Ave,Salt Lake City,UT,84115,7.5,8,4
2530 S 500 E,Salt Lake City,UT,84106,177 W Price Ave,Salt Lake City,UT,84115,2.6,9,4
2600 Taylorsville Blvd,Salt Lake City,UT,84118,177 W Price Ave,Salt Lake City,UT,84115,6.5,10,4
2835 Main St,Salt Lake City,UT,84115,177 W Price Ave,Salt Lake City,UT,84115,1.5,11,4
300 State St,Salt Lake City,UT,84103,177 W Price Ave,Salt Lake City,UT,84115,7.5,12,4
3060 Lester St,West Valley City,UT,84119,177 W Price Ave,Salt Lake City,UT,84115,3.2,13,4
3148 S 1100 W,Salt Lake City,UT,84119,177 W Price Ave,Salt Lake City,UT,84115,2.4,14,4
3365 S 900 W,Salt Lake City,UT,84119,177 W Price Ave,Salt Lake City,UT,84115,2.7,15,4
3575 W Valley Central Station bus Loop,West Valley City,UT,84119,177 W Price Ave,Salt Lake City,UT,84115,1.4,16,4
3595 Main St,Salt Lake City,UT,84115,177 W Price Ave,Salt Lake City,UT,84115,0.5,17,4
380 W 2880 S,Salt Lake City,UT,84115,177 W Price Ave,Salt Lake City,UT,84115,1.7,18,4
410 S State St,Salt Lake City,UT,84111,177 W Price Ave,Salt Lake City,UT,84115,6.5,19,4
4300 S 1300 E,Millcreek,UT,84117,177 W Price Ave,Salt Lake City,UT,84115,3.2,20,4
4580 S 2300 E,Holladay,UT,84117,177 W Price Ave,Salt Lake City,UT,84115,5.2,21,4
5025 State St,Murray,UT,84107,177 W Price Ave,Salt Lake City,UT,84115,2.5,22,4
5100 South 2700 West,Salt Lake City,UT,84118,177 W Price Ave,Salt Lake City,UT,84115,6,23,4
5383 South 900 East #104,Salt Lake City,UT,84117,177 W Price Ave,Salt Lake City,UT,84115,4.2,24,4
600 E 900 South,Salt Lake City,UT,84105,177 W Price Ave,Salt Lake City,UT,84115,5.4,25,4
6351 South 900 East,Murray,UT,84121,177 W Price Ave,Salt Lake City,UT,84115,5.5,26,4
2010 W 500 S,Salt Lake City,UT,84104,195 W Oakland Ave,Salt Lake City,UT,84115,6.3,6,5
2300 Parkway Blvd,West Valley City,UT,84119,195 W Oakland Ave,Salt Lake City,UT,84115,4.3,7,5
233 Canyon Rd,Salt Lake City,UT,84103,195 W Oakland Ave,Salt Lake City,UT,84115,4.5,8,5
2530 S 500 E,Salt Lake City,UT,84106,195 W Oakland Ave,Salt Lake City,UT,84115,1.5,9,5
2600 Taylorsville Blvd,Salt Lake City,UT,84118,195 W Oakland Ave,Salt Lake City,UT,84115,8.7,10,5
2835 Main St,Salt Lake City,UT,84115,195 W Oakland Ave,Salt Lake City,UT,84115,0.8,11,5
300 State St,Salt Lake City,UT,84103,195 W Oakland Ave,Salt Lake City,UT,84115,4.5,12,5
3060 Lester St,West Valley City,UT,84119,195 W Oakland Ave,Salt Lake City,UT,84115,3.9,13,5
3148 S 1100 W,Salt Lake City,UT,84119,195 W Oakland Ave,Salt Lake City,UT,84115,3,14,5
3365 S 900 W,Salt Lake City,UT,84119,195 W Oakland Ave,Salt Lake City,UT,84115,3.8,15,5
3575 W Valley Central Station bus Loop,West Valley City,UT,84119,195 W Oakland Ave,Salt Lake City,UT,84115,5.7,16,5
3595 Main St,Salt Lake City,UT,84115,195 W Oakland Ave,Salt Lake City,UT,84115,1.9,17,5
380 W 2880 S,Salt Lake City,UT,84115,195 W Oakland Ave,Salt Lake City,UT,84115,1.1,18,5
410 S State St,Salt Lake City,UT,84111,195 W Oakland Ave,Salt Lake City,UT,84115,3.5,19,5
4300 S 1300 E,Millcreek,UT,84117,195 W Oakland Ave,Salt Lake City,UT,84115,4.9,20,5
4580 S 2300 E,Holladay,UT,84117,195 W Oakland Ave,Salt Lake City,UT,84115,6.9,21,5
5025 State St,Murray,UT,84107,195 W Oakland Ave,Salt Lake City,UT,84115,4.2,22,5
5100 South 2700 West,Salt Lake City,UT,84118,195 W Oakland Ave,Salt Lake City,UT,84115,9,23,5
5383 South 900 East #104,Salt Lake City,UT,84117,195 W Oakland Ave,Salt Lake City,UT,84115,5.9,24,5
600 E 900 South,Salt Lake City,UT,84105,195 W Oakland Ave,Salt Lake City,UT,84115,3.5,25,5
6351 South 900 East,Murray,UT,84121,195 W Oakland Ave,Salt Lake City,UT,84115,7.2,26,5
2300 Parkway Blvd,West Valley City,UT,84119,2010 W 500 S,Salt Lake City,UT,84104,4,7,6
233 Canyon Rd,Salt Lake City,UT,84103,2010 W 500 S,Salt Lake City,UT,84104,4.2,8,6
2530 S 500 E,Salt Lake City,UT,84106,2010 W 500 S,Salt Lake City,UT,84104,8,9,6
2600 Taylorsville Blvd,Salt Lake City,UT,84118,2010 W 500 S,Salt Lake City,UT,84104,8.6,10,6
2835 Main St,Salt Lake City,UT,84115,2010 W 500 S,Salt Lake City,UT,84104,6.9,11,6
300 State St,Salt Lake City,UT,84103,2010 W 500 S,Salt Lake City,UT,84104,4.2,12,6
3060 Lester St,West Valley City,UT,84119,2010 W 500 S,Salt Lake City,UT,84104,4.2,13,6
3148 S 1100 W,Salt Lake City,UT,84119,2010 W 500 S,Salt Lake City,UT,84104,8,14,6
3365 S 900 W,Salt Lake City,UT,84119,2010 W 500 S,Salt Lake City,UT,84104,5.8,15,6
3575 W Valley Central Station bus Loop,West Valley City,UT,84119,2010 W 500 S,Salt Lake City,UT,84104,7.2,16,6
3595 Main St,Salt Lake City,UT,84115,2010 W 500 S,Salt Lake City,UT,84104,7.7,17,6
380 W 2880 S,Salt Lake City,UT,84115,2010 W 500 S,Salt Lake City,UT,84104,6.6,18,6
410 S State St,Salt Lake City,UT,84111,2010 W 500 S,Salt Lake City,UT,84104,3.2,19,6
4300 S 1300 E,Millcreek,UT,84117,2010 W 500 S,Salt Lake City,UT,84104,11.2,20,6
4580 S 2300 E,Holladay,UT,84117,2010 W 500 S,Salt Lake City,UT,84104,12.7,21,6
5025 State St,Murray,UT,84107,2010 W 500 S,Salt Lake City,UT,84104,10,22,6
5100 South 2700 West,Salt Lake City,UT,84118,2010 W 500 S,Salt Lake City,UT,84104,8.2,23,6
5383 South 900 East #104,Salt Lake City,UT,84117,2010 W 500 S,Salt Lake City,UT,84104,11.7,24,6
600 E 900 South,Salt Lake City,UT,84105,2010 W 500 S,Salt Lake City,UT,84104,5.1,25,6
6351 South 900 East,Murray,UT,84121,2010 W 500 S,Salt Lake City,UT,84104,14.2,26,6
233 Canyon Rd,Salt Lake City,UT,84103,2300 Parkway Blvd,West Valley City,UT,84119,7.7,8,7
2530 S 500 E,Salt Lake City,UT,84106,2300 Parkway Blvd,West Valley City,UT,84119,9.3,9,7
2600 Taylorsville Blvd,Salt Lake City,UT,84118,2300 Parkway Blvd,West Valley City,UT,84119,4.6,10,7
2835 Main St,Salt Lake City,UT,84115,2300 Parkway Blvd,West Valley City,UT,84119,4.8,11,7
300 State St,Salt Lake City,UT,84103,2300 Parkway Blvd,West Valley City,UT,84119,7.7,12,7
3060 Lester St,West Valley City,UT,84119,2300 Parkway Blvd,West Valley City,UT,84119,1.6,13,7
3148 S 1100 W,Salt Lake City,UT,84119,2300 Parkway Blvd,West Valley City,UT,84119,3.3,14,7
3365 S 900 W,Salt Lake City,UT,84119,2300 Parkway Blvd,West Valley City,UT,84119,3.4,15,7
3575 W Valley Central Station bus Loop,West Valley City,UT,84119,2300 Parkway Blvd,West Valley City,UT,84119,3.1,16,7
3595 Main St,Salt Lake City,UT,84115,2300 Parkway Blvd,West Valley City,UT,84119,5.1,17,7
380 W 2880 S,Salt Lake City,UT,84115,2300 Parkway Blvd,West Valley City,UT,84119,4.6,18,7
410 S State St,Salt Lake City,UT,84111,2300 Parkway Blvd,West Valley City,UT,84119,6.7,19,7
4300 S 1300 E,Millcreek,UT,84117,2300 Parkway Blvd,West Valley City,UT,84119,8.1,20,7
4580 S 2300 E,Holladay,UT,84117,2300 Parkway Blvd,West Valley City,UT,84119,10.4,21,7
5025 State St,Murray,UT,84107,2300 Parkway Blvd,West Valley City,UT,84119,7.8,22,7
5100 South 2700 West,Salt Lake City,UT,84118,2300 Parkway Blvd,West Valley City,UT,84119,4.2,23,7
5383 South 900 East #104,Salt Lake City,UT,84117,2300 Parkway Blvd,West Valley City,UT,84119,9.5,24,7
600 E 900 South,Salt Lake City,UT,84105,2300 Parkway Blvd,West Valley City,UT,84119,6.2,25,7
6351 South 900 East,Murray,UT,84121,2300 Parkway Blvd,West Valley City,UT,84119,10.7,26,7
2530 S 500 E,Salt Lake City,UT,84106,233 Canyon Rd,Salt Lake City,UT,84103,4.8,9,8
2600 Taylorsville Blvd,Salt Lake City,UT,84118,233 Canyon Rd,Salt Lake City,UT,84103,11.9,10,8
2835 Main St,Salt Lake City,UT,84115,233 Canyon Rd,Salt Lake City,UT,84103,4.7,11,8
300 State St,Salt Lake City,UT,84103,233 Canyon Rd,Salt Lake City,UT,84103,0.6,12,8
3060 Lester St,West Valley City,UT,84119,233 Canyon Rd,Salt Lake City,UT,84103,7.6,13,8
3148 S 1100 W,Salt Lake City,UT,84119,233 Canyon Rd,Salt Lake City,UT,84103,7.8,14,8
3365 S 900 W,Salt Lake City,UT,84119,233 Canyon Rd,Salt Lake City,UT,84103,6.6,15,8
3575 W Valley Central Station bus Loop,West Valley City,UT,84119,233 Canyon Rd,Salt Lake City,UT,84103,7.2,16,8
3595 Main St,Salt Lake City,UT,84115,233 Canyon Rd,Salt Lake City,UT,84103,5.9,17,8
380 W 2880 S,Salt Lake City,UT,84115,233 Canyon Rd,Salt Lake City,UT,84103,5.4,18,8
410 S State St,Salt Lake City,UT,84111,233 Canyon Rd,Salt Lake City,UT,84103,1,19,8
4300 S 1300 E,Millcreek,UT,84117,233 Canyon Rd,Salt Lake City,UT,84103,8.5,20,8
4580 S 2300 E,Holladay,UT,84117,233 Canyon Rd,Salt Lake City,UT,84103,10.3,21,8
5025 State St,Murray,UT,84107,233 Canyon Rd,Salt Lake City,UT,84103,7.8,22,8
5100 South 2700 West,Salt Lake City,UT,84118,233 Canyon Rd,Salt Lake City,UT,84103,11.5,23,8
5383 South 900 East #104,Salt Lake City,UT,84117,233 Canyon Rd,Salt Lake City,UT,84103,9.5,24,8
600 E 900 South,Salt Lake City,UT,84105,233 Canyon Rd,Salt Lake City,UT,84103,2.8,25,8
6351 South 900 East,Murray,UT,84121,233 Canyon Rd,Salt Lake City,UT,84103,14.1,26,8
2600 Taylorsville Blvd,Salt Lake City,UT,84118,2530 S 500 E,Salt Lake City,UT,84106,9.4,10,9
2835 Main St,Salt Lake City,UT,84115,2530 S 500 E,Salt Lake City,UT,84106,1.1,11,9
300 State St,Salt Lake City,UT,84103,2530 S 500 E,Salt Lake City,UT,84106,5.1,12,9
3060 Lester St,West Valley City,UT,84119,2530 S 500 E,Salt Lake City,UT,84106,4.6,13,9
3148 S 1100 W,Salt Lake City,UT,84119,2530 S 500 E,Salt Lake City,UT,84106,3.7,14,9
3365 S 900 W,Salt Lake City,UT,84119,2530 S 500 E,Salt Lake City,UT,84106,4,15,9
3575 W Valley Central Station bus Loop,West Valley City,UT,84119,2530 S 500 E,Salt Lake City,UT,84106,6.7,16,9
3595 Main St,Salt Lake City,UT,84115,2530 S 500 E,Salt Lake City,UT,84106,2.3,17,9
380 W 2880 S,Salt Lake City,UT,84115,2530 S 500 E,Salt Lake City,UT,84106,1.8,18,9
410 S State St,Salt Lake City,UT,84111,2530 S 500 E,Salt Lake City,UT,84106,4.1,19,9
4300 S 1300 E,Millcreek,UT,84117,2530 S 500 E,Salt Lake City,UT,84106,3.8,20,9
4580 S 2300 E,Holladay,UT,84117,2530 S 500 E,Salt Lake City,UT,84106,5.8,21,9
5025 State St,Murray,UT,84107,2530 S 500 E,Salt Lake City,UT,84106,4.3,22,9
5100 South 2700 West,Salt Lake City,UT,84118,2530 S 500 E,Salt Lake City,UT,84106,7.8,23,9
5383 South 900 East #104,Salt Lake City,UT,84117,2530 S 500 E,Salt Lake City,UT,84106,4.8,24,9
600 E 900 South,Salt Lake City,UT,84105,2530 S 500 E,Salt Lake City,UT,84106,3.2,25,9
6351 South 900 East,Murray,UT,84121,2530 S 500 E,Salt Lake City,UT,84106,6,26,9
2835 Main St,Salt Lake City,UT,84115,2600 Taylorsville Blvd,Salt Lake City,UT,84118,7.3,11,10
300 State St,Salt Lake City,UT,84103,2600 Taylorsville Blvd,Salt Lake City,UT,84118,12,12,10
3060 Lester St,West Valley City,UT,84119,2600 Taylorsville Blvd,Salt Lake City,UT,84118,4.9,13,10
3148 S 1100 W,Salt Lake City,UT,84119,2600 Taylorsville Blvd,Salt Lake City,UT,84118,5.2,14,10
3365 S 900 W,Salt Lake City,UT,84119,2600 Taylorsville Blvd,Salt Lake City,UT,84118,5.4,15,10
3575 W Valley Central Station bus Loop,West Valley City,UT,84119,2600 Taylorsville Blvd,Salt Lake City,UT,84118,8.1,16,10
3595 Main St,Salt Lake City,UT,84115,2600 Taylorsville Blvd,Salt Lake City,UT,84118,6.2,17,10
380 W 2880 S,Salt Lake City,UT,84115,2600 Taylorsville Blvd,Salt Lake City,UT,84118,6.9,18,10
410 S State St,Salt Lake City,UT,84111,2600 Taylorsville Blvd,Salt Lake City,UT,84118,11.5,19,10
4300 S 1300 E,Millcreek,UT,84117,2600 Taylorsville Blvd,Salt Lake City,UT,84118,6.9,20,10
4580 S 2300 E,Holladay,UT,84117,2600 Taylorsville Blvd,Salt Lake City,UT,84118,8.3,21,10
5025 State St,Murray,UT,84107,2600 Taylorsville Blvd,Salt Lake City,UT,84118,4.1,22,10
5100 South 2700 West,Salt Lake City,UT,84118,2600 Taylorsville Blvd,Salt Lake City,UT,84118,0.4,23,10
5383 South 900 East #104,Salt Lake City,UT,84117,2600 Taylorsville Blvd,Salt Lake City,UT,84118,4.9,24,10
600 E 900 South,Salt Lake City,UT,84105,2600 Taylorsville Blvd,Salt Lake City,UT,84118,11,25,10
6351 South 900 East,Murray,UT,84121,2600 Taylorsville Blvd,Salt Lake City,UT,84118,6.8,26,10
300 State St,Salt Lake City,UT,84103,2835 Main St,Salt Lake City,UT,84115,4.7,12,11
3060 Lester St,West Valley City,UT,84119,2835 Main St,Salt Lake City,UT,84115,3.5,13,11
3148 S 1100 W,Salt Lake City,UT,84119,2835 Main St,Salt Lake City,UT,84115,2.6,14,11
3365 S 900 W,Salt Lake City,UT,84119,2835 Main St,Salt Lake City,UT,84115,2.9,15,11
3575 W Valley Central Station bus Loop,West Valley City,UT,84119,2835 Main St,Salt Lake City,UT,84115,6.3,16,11
3595 Main St,Salt Lake City,UT,84115,2835 Main St,Salt Lake City,UT,84115,1.2,17,11
380 W 2880 S,Salt Lake City,UT,84115,2835 Main St,Salt Lake City,UT,84115,1,18,11
410 S State St,Salt Lake City,UT,84111,2835 Main St,Salt Lake City,UT,84115,3.7,19,11
4300 S 1300 E,Millcreek,UT,84117,2835 Main St,Salt Lake City,UT,84115,4.1,20,11
4580 S 2300 E,Holladay,UT,84117,2835 Main St,Salt Lake City,UT,84115,6.2,21,11
5025 State St,Murray,UT,84107,2835 Main St,Salt Lake City,UT,84115,3.4,22,11
5100 South 2700 West,Salt Lake City,UT,84118,2835 Main St,Salt Lake City,UT,84115,6.9,23,11
5383 South 900 East #104,Salt Lake City,UT,84117,2835 Main St,Salt Lake City,UT,84115,5.2,24,11
600 E 900 South,Salt Lake City,UT,84105,2835 Main St,Salt Lake City,UT,84115,3.7,25,11
6351 South 900 East,Murray,UT,84121,2835 Main St,Salt Lake City,UT,84115,6.4,26,11
3060 Lester St,West Valley City,UT,84119,300 State St,Salt Lake City,UT,84103,7.3,13,12
3148 S 1100 W,Salt Lake City,UT,84119,300 State St,Salt Lake City,UT,84103,7.8,14,12
3365 S 900 W,Salt Lake City,UT,84119,300 State St,Salt Lake City,UT,84103,6.6,15,12
3575 W Valley Central Station bus Loop,West Valley City,UT,84119,300 State St,Salt Lake City,UT,84103,7.2,16,12
3595 Main St,Salt Lake City,UT,84115,300 State St,Salt Lake City,UT,84103,5.9,17,12
380 W 2880 S,Salt Lake City,UT,84115,300 State St,Salt Lake City,UT,84103,5.4,18,12
410 S State St,Salt Lake City,UT,84111,300 State St,Salt Lake City,UT,84103,1,19,12
4300 S 1300 E,Millcreek,UT,84117,300 State St,Salt Lake City,UT,84103,8.5,20,12
4580 S 2300 E,Holladay,UT,84117,300 State St,Salt Lake City,UT,84103,10.3,21,12
5025 State St,Murray,UT,84107,300 State St,Salt Lake City,UT,84103,7.8,22,12
5100 South 2700 West,Salt Lake City,UT,84118,300 State St,Salt Lake City,UT,84103,11.5,23,12
5383 South 900 East #104,Salt Lake City,UT,84117,300 State St,Salt Lake City,UT,84103,9.5,24,12
600 E 900 South,Salt Lake City,UT,84105,300 State St,Salt Lake City,UT,84103,2.8,25,12
6351 South 900 East,Murray,UT,84121,300 State St,Salt Lake City,UT,84103,14.1,26,12
3148 S 1100 W,Salt Lake City,UT,84119,3060 Lester St,West Valley City,UT,84119,1.3,14,13
3365 S 900 W,Salt Lake City,UT,84119,3060 Lester St,West Valley City,UT,84119,1.5,15,13
3575 W Valley Central Station bus Loop,West Valley City,UT,84119,3060 Lester St,West Valley City,UT,84119,4,16,13
3595 Main St,Salt Lake City,UT,84115,3060 Lester St,West Valley City,UT,84119,3.2,17,13
380 W 2880 S,Salt Lake City,UT,84115,3060 Lester St,West Valley City,UT,84119,3,18,13
410 S State St,Salt Lake City,UT,84111,3060 Lester St,West Valley City,UT,84119,6.9,19,13
4300 S 1300 E,Millcreek,UT,84117,3060 Lester St,West Valley City,UT,84119,6.2,20,13
4580 S 2300 E,Holladay,UT,84117,3060 Lester St,West Valley City,UT,84119,8.2,21,13
5025 State St,Murray,UT,84107,3060 Lester St,West Valley City,UT,84119,5.5,22,13
5100 South 2700 West,Salt Lake City,UT,84118,3060 Lester St,West Valley City,UT,84119,4.4,23,13
5383 South 900 East #104,Salt Lake City,UT,84117,3060 Lester St,West Valley City,UT,84119,7.2,24,13
600 E 900 South,Salt Lake City,UT,84105,3060 Lester St,West Valley City,UT,84119,6.4,25,13
6351 South 900 East,Murray,UT,84121,3060 Lester St,West Valley City,UT,84119,10.5,26,13
3365 S 900 W,Salt Lake City,UT,84119,3148 S 1100 W,Salt Lake City,UT,84119,0.6,15,14
3575 W Valley Central Station bus Loop,West Valley City,UT,84119,3148 S 1100 W,Salt Lake City,UT,84119,6.4,16,14
3595 Main St,Salt Lake City,UT,84115,3148 S 1100 W,Salt Lake City,UT,84119,2.4,17,14
380 W 2880 S,Salt Lake City,UT,84115,3148 S 1100 W,Salt Lake City,UT,84119,2.2,18,14
410 S State St,Salt Lake City,UT,84111,3148 S 1100 W,Salt Lake City,UT,84119,6.8,19,14
4300 S 1300 E,Millcreek,UT,84117,3148 S 1100 W,Salt Lake City,UT,84119,5.3,20,14
4580 S 2300 E,Holladay,UT,84117,3148 S 1100 W,Salt Lake City,UT,84119,7.4,21,14
5025 State St,Murray,UT,84107,3148 S 1100 W,Salt Lake City,UT,84119,4.6,22,14
5100 South 2700 West,Salt Lake City,UT,84118,3148 S 1100 W,Salt Lake City,UT,84119,4.8,23,14
5383 South 900 East #104,Salt Lake City,UT,84117,3148 S 1100 W,Salt Lake City,UT,84119,6.3,24,14
600 E 900 South,Salt Lake City,UT,84105,3148 S 1100 W,Salt Lake City,UT,84119,6.5,25,14
6351 South 900 East,Murray,UT,84121,3148 S 1100 W,Salt Lake City,UT,84119,8.8,26,14
3575 W Valley Central Station bus Loop,West Valley City,UT,84119,3365 S 900 W,Salt Lake City,UT,84119,5.6,16,15
3595 Main St,Salt Lake City,UT,84115,3365 S 900 W,Salt Lake City,UT,84119,1.6,17,15
380 W 2880 S,Salt Lake City,UT,84115,3365 S 900 W,Salt Lake City,UT,84119,1.7,18,15
410 S State St,Salt Lake City,UT,84111,3365 S 900 W,Salt Lake City,UT,84119,6.4,19,15
4300 S 1300 E,Millcreek,UT,84117,3365 S 900 W,Salt Lake City,UT,84119,4.9,20,15
4580 S 2300 E,Holladay,UT,84117,3365 S 900 W,Salt Lake City,UT,84119,6.9,21,15
5025 State St,Murray,UT,84107,3365 S 900 W,Salt Lake City,UT,84119,4.2,22,15
5100 South 2700 West,Salt Lake City,UT,84118,3365 S 900 W,Salt Lake City,UT,84119,5.6,23,15
5383 South 900 East #104,Salt Lake City,UT,84117,3365 S 900 W,Salt Lake City,UT,84119,5.9,24,15
600 E 900 South,Salt Lake City,UT,84105,3365 S 900 W,Salt Lake City,UT,84119,5.7,25,15
6351 South 900 East,Murray,UT,84121,3365 S 900 W,Salt Lake City,UT,84119,8.4,26,15
3595 Main St,Salt Lake City,UT,84115,3575 W Valley Central Station bus Loop,West Valley City,UT,84119,7.1,17,16
380 W 2880 S,Salt Lake City,UT,84115,3575 W Valley Central Station bus Loop,West Valley City,UT,84119,6.1,18,16
410 S State St,Salt Lake City,UT,84111,3575 W Valley Central Station bus Loop,West Valley City,UT,84119,7.2,19,16
4300 S 1300 E,Millcreek,UT,84117,3575 W Valley Central Station bus Loop,West Valley City,UT,84119,10.6,20,16
4580 S 2300 E,Holladay,UT,84117,3575 W Valley Central Station bus Loop,West Valley City,UT,84119,12,21,16
5025 State St,Murray,UT,84107,3575 W Valley Central Station bus Loop,West Valley City,UT,84119,9.4,22,16
5100 South 2700 West,Salt Lake City,UT,84118,3575 W Valley Central Station bus Loop,West Valley City,UT,84119,7.5,23,16
5383 South 900 East #104,Salt Lake City,UT,84117,3575 W Valley Central Station bus Loop,West Valley City,UT,84119,11.1,24,16
600 E 900 South,Salt Lake City,UT,84105,3575 W Valley Central Station bus Loop,West Valley City,UT,84119,6.2,25,16
6351 South 900 East,Murray,UT,84121,3575 W Valley Central Station bus Loop,West Valley City,UT,84119,13.6,26,16
380 W 2880 S,Salt Lake City,UT,84115,3595 Main St,Salt Lake City,UT,84115,1.6,18,17
410 S State St,Salt Lake City,UT,84111,3595 Main St,Salt Lake City,UT,84115,4.9,19,17
4300 S 1300 E,Millcreek,UT,84117,3595 Main St,Salt Lake City,UT,84115,3,20,17
4580 S 2300 E,Holladay,UT,84117,3595 Main St,Salt Lake City,UT,84115,5,21,17
5025 State St,Murray,UT,84107,3595 Main St,Salt Lake City,UT,84115,2.3,22,17
5100 South 2700 West,Salt Lake City,UT,84118,3595 Main St,Salt Lake City,UT,84115,5.5,23,17
5383 South 900 East #104,Salt Lake City,UT,84117,3595 Main St,Salt Lake City,UT,84115,4,24,17
600 E 900 South,Salt Lake City,UT,84105,3595 Main St,Salt Lake City,UT,84115,5.1,25,17
6351 South 900 East,Murray,UT,84121,3595 Main St,Salt Lake City,UT,84115,5.2,26,17
410 S State St,Salt Lake City,UT,84111,380 W 2880 S,Salt Lake City,UT,84115,4.4,19,18
4300 S 1300 E,Millcreek,UT,84117,380 W 2880 S,Salt Lake City,UT,84115,4.6,20,18
4580 S 2300 E,Holladay,UT,84117,380 W 2880 S,Salt Lake City,UT,84115,6.6,21,18
5025 State St,Murray,UT,84107,380 W 2880 S,Salt Lake City,UT,84115,3.9,22,18
5100 South 2700 West,Salt Lake City,UT,84118,380 W 2880 S,Salt Lake City,UT,84115,6.5,23,18
5383 South 900 East #104,Salt Lake City,UT,84117,380 W 2880 S,Salt Lake City,UT,84115,5.6,24,18
600 E 900 South,Salt Lake City,UT,84105,380 W 2880 S,Salt Lake City,UT,84115,4.3,25,18
6351 South 900 East,Murray,UT,84121,380 W 2880 S,Salt Lake City,UT,84115,6.9,26,18
4300 S 1300 E,Millcreek,UT,84117,410 S State St,Salt Lake City,UT,84111,7.5,20,19
4580 S 2300 E,Holladay,UT,84117,410 S State St,Salt Lake City,UT,84111,9.3,21,19
5025 State St,Murray,UT,84107,410 S State St,Salt Lake City,UT,84111,6.8,22,19
5100 South 2700 West,Salt Lake City,UT,84118,410 S State St,Salt Lake City,UT,84111,11.4,23,19
5383 South 900 East #104,Salt Lake City,UT,84117,410 S State St,Salt Lake City,UT,84111,8.5,24,19
600 E 900 South,Salt Lake City,UT,84105,410 S State St,Salt Lake City,UT,84111,1.8,25,19
6351 South 900 East,Murray,UT,84121,410 S State St,Salt Lake City,UT,84111,13.1,26,19
4580 S 2300 E,Holladay,UT,84117,4300 S 1300 E,Millcreek,UT,84117,2,21,20
5025 State St,Murray,UT,84107,4300 S 1300 E,Millcreek,UT,84117,2.9,22,20
5100 South 2700 West,Salt Lake City,UT,84118,4300 S 1300 E,Millcreek,UT,84117,6.4,23,20
5383 South 900 East #104,Salt Lake City,UT,84117,4300 S 1300 E,Millcreek,UT,84117,2.8,24,20
600 E 900 South,Salt Lake City,UT,84105,4300 S 1300 E,Millcreek,UT,84117,6,25,20
6351 South 900 East,Murray,UT,84121,4300 S 1300 E,Millcreek,UT,84117,4.1,26,20
5025 State St,Murray,UT,84107,4580 S 2300 E,Holladay,UT,84117,4.4,22,21
5100 South 2700 West,Salt Lake City,UT,84118,4580 S 2300 E,Holladay,UT,84117,7.9,23,21
5383 South 900 East #104,Salt Lake City,UT,84117,4580 S 2300 E,Holladay,UT,84117,3.4,24,21
600 E 900 South,Salt Lake City,UT,84105,4580 S 2300 E,Holladay,UT,84117,7.9,25,21
6351 South 900 East,Murray,UT,84121,4580 S 2300 E,Holladay,UT,84117,4.7,26,21
5100 South 2700 West,Salt Lake City,UT,84118,5025 State St,Murray,UT,84107,4.5,23,22
5383 South 900 East #104,Salt Lake City,UT,84117,5025 State St,Murray,UT,84107,1.7,24,22
600 E 900 South,Salt Lake City,UT,84105,5025 State St,Murray,UT,84107,6.8,25,22
6351 South 900 East,Murray,UT,84121,5025 State St,Murray,UT,84107,3.1,26,22
5383 South 900 East #104,Salt Lake City,UT,84117,5100 South 2700 West,Salt Lake City,UT,84118,5.4,24,23
600 E 900 South,Salt Lake City,UT,84105,5100 South 2700 West,Salt Lake City,UT,84118,10.6,25,23
6351 South 900 East,Murray,UT,84121,5100 South 2700 West,Salt Lake City,UT,84118,7.8,26,23
600 E 900 South,Salt Lake City,UT,84105,5383 South 900 East #104,Salt Lake City,UT,84117,7,25,24
6351 South 900 East,Murray,UT,84121,5383 South 900 East #104,Salt Lake City,UT,84117,1.3,26,24
6351 South 900 East,Murray,UT,84121,600 E 900 South,Salt Lake City,UT,84105,8.3,26,25
4001 South 700 East,Salt Lake City,UT,84107,1060 Dalton Ave S,Salt Lake City,UT,84104,7.2,0,1
4001 South 700 East,Salt Lake City,UT,84107,1330 2100 S,Salt Lake City,UT,84106,3.8,0,2
4001 South 700 East,Salt Lake City,UT,84107,1488 4800 S,Salt Lake City,UT,84123,11,0,3
4001 South 700 East,Salt Lake City,UT,84107,177 W Price Ave,Salt Lake City,UT,84115,2.2,0,4
4001 South 700 East,Salt Lake City,UT,84107,195 W Oakland Ave,Salt Lake City,UT,84115,3.5,0,5
4001 South 700 East,Salt Lake City,UT,84107,2010 W 500 S,Salt Lake City,UT,84104,10.9,0,6
4001 South 700 East,Salt Lake City,UT,84107,2300 Parkway Blvd,West Valley City,UT,84119,8.6,0,7
4001 South 700 East,Salt Lake City,UT,84107,233 Canyon Rd,Salt Lake City,UT,84103,7.6,0,8
4001 South 700 East,Salt Lake City,UT,84107,2530 S 500 E,Salt Lake City,UT,84106,2.8,0,9
4001 South 700 East,Salt Lake City,UT,84107,2600 Taylorsville Blvd,Salt Lake City,UT,84118,6.4,0,10
4001 South 700 East,Salt Lake City,UT,84107,2835 Main St,Salt Lake City,UT,84115,3.2,0,11
4001 South 700 East,Salt Lake City,UT,84107,300 State St,Salt Lake City,UT,84103,7.6,0,12
4001 South 700 East,Salt Lake City,UT,84107,3060 Lester St,West Valley City,UT,84119,5.2,0,13
4001 South 700 East,Salt Lake City,UT,84107,3148 S 1100 W,Salt Lake City,UT,84119,4.4,0,14
4001 South 700 East,Salt Lake City,UT,84107,3365 S 900 W,Salt Lake City,UT,84119,3.661128164,0,15
4001 South 700 East,Salt Lake City,UT,84107,3575 W Valley Central Station bus Loop,West Valley City,UT,84119,7.6,0,16
4001 South 700 East,Salt Lake City,UT,84107,3595 Main St,Salt Lake City,UT,84115,2,0,17
4001 South 700 East,Salt Lake City,UT,84107,380 W 2880 S,Salt Lake City,UT,84115,3.6,0,18
4001 South 700 East,Salt Lake City,UT,84107,410 S State St,Salt Lake City,UT,84111,6.5,0,19
4001 South 700 East,Salt Lake City,UT,84107,4300 S 1300 E,Millcreek,UT,84117,1.9,0,20
4001 South 700 East,Salt Lake City,UT,84107,4580 S 2300 E,Holladay,UT,84117,3.4,0,21
4001 South 700 East,Salt Lake City,UT,84107,5025 State St,Murray,UT,84107,2.4,0,22
4001 South 700 East,Salt Lake City,UT,84107,5100 South 2700 West,Salt Lake City,UT,84118,6.4,0,23
4001 South 700 East,Salt Lake City,UT,84107,5383 South 900 East #104,Salt Lake City,UT,84117,2.4,0,24
4001 South 700 East,Salt Lake City,UT,84107,600 E 900 South,Salt Lake City,UT,84105,5,0,25
4001 South 700 East,Salt Lake City,UT,84107,6351 South 900 East,Murray,UT,84121,3.6,0,26
1060 Dalton Ave S,Salt Lake City,UT,84104,1330 2100 S,Salt Lake City,UT,84106,7.1,1,2
1060 Dalton Ave S,Salt Lake City,UT,84104,1488 4800 S,Salt Lake City,UT,84123,6.4,1,3
1060 Dalton Ave S,Salt Lake City,UT,84104,177 W Price Ave,Salt Lake City,UT,84115,6,1,4
1060 Dalton Ave S,Salt Lake City,UT,84104,195 W Oakland Ave,Salt Lake City,UT,84115,4.8,1,5
1060 Dalton Ave S,Salt Lake City,UT,84104,2010 W 500 S,Salt Lake City,UT,84104,1.6,1,6
1060 Dalton Ave S,Salt Lake City,UT,84104,2300 Parkway Blvd,West Valley City,UT,84119,2.8,1,7
1060 Dalton Ave S,Salt Lake City,UT,84104,233 Canyon Rd,Salt Lake City,UT,84103,4.8,1,8
1060 Dalton Ave S,Salt Lake City,UT,84104,2530 S 500 E,Salt Lake City,UT,84106,6.3,1,9
1060 Dalton Ave S,Salt Lake City,UT,84104,2600 Taylorsville Blvd,Salt Lake City,UT,84118,7.3,1,10
1060 Dalton Ave S,Salt Lake City,UT,84104,2835 Main St,Salt Lake City,UT,84115,5.3,1,11
1060 Dalton Ave S,Salt Lake City,UT,84104,300 State St,Salt Lake City,UT,84103,4.8,1,12
1060 Dalton Ave S,Salt Lake City,UT,84104,3060 Lester St,West Valley City,UT,84119,3,1,13
1060 Dalton Ave S,Salt Lake City,UT,84104,3148 S 1100 W,Salt Lake City,UT,84119,4.6,1,14
1060 Dalton Ave S,Salt Lake City,UT,84104,3365 S 900 W,Salt Lake City,UT,84119,4.5,1,15
1060 Dalton Ave S,Salt Lake City,UT,84104,3575 W Valley Central Station bus Loop,West Valley City,UT,84119,7.4,1,16
1060 Dalton Ave S,Salt Lake City,UT,84104,3595 Main St,Salt Lake City,UT,84115,6,1,17
1060 Dalton Ave S,Salt Lake City,UT,84104,380 W 2880 S,Salt Lake City,UT,84115,5,1,18
1060 Dalton Ave S,Salt Lake City,UT,84104,410 S State St,Salt Lake City,UT,84111,4.8,1,19
1060 Dalton Ave S,Salt Lake City,UT,84104,4300 S 1300 E,Millcreek,UT,84117,9.5,1,20
1060 Dalton Ave S,Salt Lake City,UT,84104,4580 S 2300 E,Holladay,UT,84117,10.9,1,21
1060 Dalton Ave S,Salt Lake City,UT,84104,5025 State St,Murray,UT,84107,8.3,1,22
1060 Dalton Ave S,Salt Lake City,UT,84104,5100 South 2700 West,Salt Lake City,UT,84118,6.9,1,23
1060 Dalton Ave S,Salt Lake City,UT,84104,5383 South 900 East #104,Salt Lake City,UT,84117,10,1,24
1060 Dalton Ave S,Salt Lake City,UT,84104,600 E 900 South,Salt Lake City,UT,84105,4.4,1,25
1060 Dalton Ave S,Salt Lake City,UT,84104,6351 South 900 East,Murray,UT,84121,13,1,26
1330 2100 S,Salt Lake City,UT,84106,1488 4800 S,Salt Lake City,UT,84123,9.2,2,3
1330 2100 S,Salt Lake City,UT,84106,177 W Price Ave,Salt Lake City,UT,84115,4.4,2,4
1330 2100 S,Salt Lake City,UT,84106,195 W Oakland Ave,Salt Lake City,UT,84115,2.8,2,5
1330 2100 S,Salt Lake City,UT,84106,2010 W 500 S,Salt Lake City,UT,84104,8.6,2,6
1330 2100 S,Salt Lake City,UT,84106,2300 Parkway Blvd,West Valley City,UT,84119,6.3,2,7
1330 2100 S,Salt Lake City,UT,84106,233 Canyon Rd,Salt Lake City,UT,84103,5.3,2,8
1330 2100 S,Salt Lake City,UT,84106,2530 S 500 E,Salt Lake City,UT,84106,1.6,2,9
1330 2100 S,Salt Lake City,UT,84106,2600 Taylorsville Blvd,Salt Lake City,UT,84118,10.4,2,10
1330 2100 S,Salt Lake City,UT,84106,2835 Main St,Salt Lake City,UT,84115,3,2,11
1330 2100 S,Salt Lake City,UT,84106,300 State St,Salt Lake City,UT,84103,5.3,2,12
1330 2100 S,Salt Lake City,UT,84106,3060 Lester St,West Valley City,UT,84119,6.5,2,13
1330 2100 S,Salt Lake City,UT,84106,3148 S 1100 W,Salt Lake City,UT,84119,5.6,2,14
1330 2100 S,Salt Lake City,UT,84106,3365 S 900 W,Salt Lake City,UT,84119,5.8,2,15
1330 2100 S,Salt Lake City,UT,84106,3575 W Valley Central Station bus Loop,West Valley City,UT,84119,5.7,2,16
1330 2100 S,Salt Lake City,UT,84106,3595 Main St,Salt Lake City,UT,84115,4.1,2,17
1330 2100 S,Salt Lake City,UT,84106,380 W 2880 S,Salt Lake City,UT,84115,3.6,2,18
1330 2100 S,Salt Lake City,UT,84106,410 S State St,Salt Lake City,UT,84111,4.3,2,19
1330 2100 S,Salt Lake City,UT,84106,4300 S 1300 E,Millcreek,UT,84117,3.3,2,20
1330 2100 S,Salt Lake City,UT,84106,4580 S 2300 E,Holladay,UT,84117,5,2,21
1330 2100 S,Salt Lake City,UT,84106,5025 State St,Murray,UT,84107,6.1,2,22
1330 2100 S,Salt Lake City,UT,84106,5100 South 2700 West,Salt Lake City,UT,84118,9.7,2,23
1330 2100 S,Salt Lake City,UT,84106,5383 South 900 East #104,Salt Lake City,UT,84117,6.1,2,24
1330 2100 S,Salt Lake City,UT,84106,600 E 900 South,Salt Lake City,UT,84105,2.8,2,25
1330 2100 S,Salt Lake City,UT,84106,6351 South 900 East,Murray,UT,84121,7.4,2,26
1488 4800 S,Salt Lake City,UT,84123,177 W Price Ave,Salt Lake City,UT,84115,5.6,3,4
1488 4800 S,Salt Lake City,UT,84123,195 W Oakland Ave,Salt Lake City,UT,84115,6.9,3,5
1488 4800 S,Salt Lake City,UT,84123,2010 W 500 S,Salt Lake City,UT,84104,8.6,3,6
1488 4800 S,Salt Lake City,UT,84123,2300 Parkway Blvd,West Valley City,UT,84119,4,3,7
1488 4800 S,Salt Lake City,UT,84123,233 Canyon Rd,Salt Lake City,UT,84103,11.1,3,8
1488 4800 S,Salt Lake City,UT,84123,2530 S 500 E,Salt Lake City,UT,84106,7.3,3,9
1488 4800 S,Salt Lake City,UT,84123,2600 Taylorsville Blvd,Salt Lake City,UT,84118,1,3,10
1488 4800 S,Salt Lake City,UT,84123,2835 Main St,Salt Lake City,UT,84115,6.4,3,11
1488 4800 S,Salt Lake City,UT,84123,300 State St,Salt Lake City,UT,84103,11.1,3,12
1488 4800 S,Salt Lake City,UT,84123,3060 Lester St,West Valley City,UT,84119,3.9,3,13
1488 4800 S,Salt Lake City,UT,84123,3148 S 1100 W,Salt Lake City,UT,84119,4.3,3,14
1488 4800 S,Salt Lake City,UT,84123,3365 S 900 W,Salt Lake City,UT,84119,4.4,3,15
1488 4800 S,Salt Lake City,UT,84123,3575 W Valley Central Station bus Loop,West Valley City,UT,84119,7.2,3,16
1488 4800 S,Salt Lake City,UT,84123,3595 Main St,Salt Lake City,UT,84115,5.3,3,17
1488 4800 S,Salt Lake City,UT,84123,380 W 2880 S,Salt Lake City,UT,84115,6,3,18
1488 4800 S,Salt Lake City,UT,84123,410 S State St,Salt Lake City,UT,84111,10.6,3,19
1488 4800 S,Salt Lake City,UT,84123,4300 S 1300 E,Millcreek,UT,84117,5.9,3,20
1488 4800 S,Salt Lake City,UT,84123,4580 S 2300 E,Holladay,UT,84117,7.4,3,21
1488 4800 S,Salt Lake City,UT,84123,5025 State St,Murray,UT,84107,4.7,3,22
1488 4800 S,Salt Lake City,UT,84123,5100 South 2700 West,Salt Lake City,UT,84118,0.6,3,23
1488 4800 S,Salt Lake City,UT,84123,5383 South 900 East #104,Salt Lake City,UT,84117,6.4,3,24
1488 4800 S,Salt Lake City,UT,84123,600 E 900 South,Salt Lake City,UT,84105,10.1,3,25
1488 4800 S,Salt Lake City,UT,84123,6351 South 900 East,Murray,UT,84121,10.1,3,26
177 W Price Ave,Salt Lake City,UT,84115,195 W Oakland Ave,Salt Lake City,UT,84115,1.9,4,5
177 W Price Ave,Salt Lake City,UT,84115,2010 W 500 S,Salt Lake City,UT,84104,7.9,4,6
177 W Price Ave,Salt Lake City,UT,84115,2300 Parkway Blvd,West Valley City,UT,84119,5.1,4,7
177 W Price Ave,Salt Lake City,UT,84115,233 Canyon Rd,Salt Lake City,UT,84103,7.5,4,8
177 W Price Ave,Salt Lake City,UT,84115,2530 S 500 E,Salt Lake City,UT,84106,2.6,4,9
177 W Price Ave,Salt Lake City,UT,84115,2600 Taylorsville Blvd,Salt Lake City,UT,84118,6.5,4,10
177 W Price Ave,Salt Lake City,UT,84115,2835 Main St,Salt Lake City,UT,84115,1.5,4,11
177 W Price Ave,Salt Lake City,UT,84115,300 State St,Salt Lake City,UT,84103,7.5,4,12
177 W Price Ave,Salt Lake City,UT,84115,3060 Lester St,West Valley City,UT,84119,3.2,4,13
177 W Price Ave,Salt Lake City,UT,84115,3148 S 1100 W,Salt Lake City,UT,84119,2.4,4,14
177 W Price Ave,Salt Lake City,UT,84115,3365 S 900 W,Salt Lake City,UT,84119,2.7,4,15
177 W Price Ave,Salt Lake City,UT,84115,3575 W Valley Central Station bus Loop,West Valley City,UT,84119,1.4,4,16
177 W Price Ave,Salt Lake City,UT,84115,3595 Main St,Salt Lake City,UT,84115,0.5,4,17
177 W Price Ave,Salt Lake City,UT,84115,380 W 2880 S,Salt Lake City,UT,84115,1.7,4,18
177 W Price Ave,Salt Lake City,UT,84115,410 S State St,Salt Lake City,UT,84111,6.5,4,19
177 W Price Ave,Salt Lake City,UT,84115,4300 S 1300 E,Millcreek,UT,84117,3.2,4,20
177 W Price Ave,Salt Lake City,UT,84115,4580 S 2300 E,Holladay,UT,84117,5.2,4,21
177 W Price Ave,Salt Lake City,UT,84115,5025 State St,Murray,UT,84107,2.5,4,22
177 W Price Ave,Salt Lake City,UT,84115,5100 South 2700 West,Salt Lake City,UT,84118,6,4,23
177 W Price Ave,Salt Lake City,UT,84115,5383 South 900 East #104,Salt Lake City,UT,84117,4.2,4,24
177 W Price Ave,Salt Lake City,UT,84115,600 E 900 South,Salt Lake City,UT,84105,5.4,4,25
177 W Price Ave,Salt Lake City,UT,84115,6351 South 900 East,Murray,UT,84121,5.5,4,26
195 W Oakland Ave,Salt Lake City,UT,84115,2010 W 500 S,Salt Lake City,UT,84104,6.3,5,6
195 W Oakland Ave,Salt Lake City,UT,84115,2300 Parkway Blvd,West Valley City,UT,84119,4.3,5,7
195 W Oakland Ave,Salt Lake City,UT,84115,233 Canyon Rd,Salt Lake City,UT,84103,4.5,5,8
195 W Oakland Ave,Salt Lake City,UT,84115,2530 S 500 E,Salt Lake City,UT,84106,1.5,5,9
195 W Oakland Ave,Salt Lake City,UT,84115,2600 Taylorsville Blvd,Salt Lake City,UT,84118,8.7,5,10
195 W Oakland Ave,Salt Lake City,UT,84115,2835 Main St,Salt Lake City,UT,84115,0.8,5,11
195 W Oakland Ave,Salt Lake City,UT,84115,300 State St,Salt Lake City,UT,84103,4.5,5,12
195 W Oakland Ave,Salt Lake City,UT,84115,3060 Lester St,West Valley City,UT,84119,3.9,5,13
195 W Oakland Ave,Salt Lake City,UT,84115,3148 S 1100 W,Salt Lake City,UT,84119,3,5,14
195 W Oakland Ave,Salt Lake City,UT,84115,3365 S 900 W,Salt Lake City,UT,84119,3.8,5,15
195 W Oakland Ave,Salt Lake City,UT,84115,3575 W Valley Central Station bus Loop,West Valley City,UT,84119,5.7,5,16
195 W Oakland Ave,Salt Lake City,UT,84115,3595 Main St,Salt Lake City,UT,84115,1.9,5,17
195 W Oakland Ave,Salt Lake City,UT,84115,380 W 2880 S,Salt Lake City,UT,84115,1.1,5,18
195 W Oakland Ave,Salt Lake City,UT,84115,410 S State St,Salt Lake City,UT,84111,3.5,5,19
195 W Oakland Ave,Salt Lake City,UT,84115,4300 S 1300 E,Millcreek,UT,84117,4.9,5,20
195 W Oakland Ave,Salt Lake City,UT,84115,4580 S 2300 E,Holladay,UT,84117,6.9,5,21
195 W Oakland Ave,Salt Lake City,UT,84115,5025 State St,Murray,UT,84107,4.2,5,22
195 W Oakland Ave,Salt Lake City,UT,84115,5100 South 2700 West,Salt Lake City,UT,84118,9,5,23
195 W Oakland Ave,Salt Lake City,UT,84115,5383 South 900 East #104,Salt Lake City,UT,84117,5.9,5,24
195 W Oakland Ave,Salt Lake City,UT,84115,600 E 900 South,Salt Lake City,UT,84105,3.5,5,25
195 W Oakland Ave,Salt Lake City,UT,84115,6351 South 900 East,Murray,UT,84121,7.2,5,26
2010 W 500 S,Salt Lake City,UT,84104,2300 Parkway Blvd,West Valley City,UT,84119,4,6,7
2010 W 500 S,Salt Lake City,UT,84104,233 Canyon Rd,Salt Lake City,UT,84103,4.2,6,8
2010 W 500 S,Salt Lake City,UT,84104,2530 S 500 E,Salt Lake City,UT,84106,8,6,9
2010 W 500 S,Salt Lake City,UT,84104,2600 Taylorsville Blvd,Salt Lake City,UT,84118,8.6,6,10
2010 W 500 S,Salt Lake City,UT,84104,2835 Main St,Salt Lake City,UT,84115,6.9,6,11
2010 W 500 S,Salt Lake City,UT,84104,300 State St,Salt Lake City,UT,84103,4.2,6,12
2010 W 500 S,Salt Lake City,UT,84104,3060 Lester St,West Valley City,UT,84119,4.2,6,13
2010 W 500 S,Salt Lake City,UT,84104,3148 S 1100 W,Salt Lake City,UT,84119,8,6,14
2010 W 500 S,Salt Lake City,UT,84104,3365 S 900 W,Salt Lake City,UT,84119,5.8,6,15
2010 W 500 S,Salt Lake City,UT,84104,3575 W Valley Central Station bus Loop,West Valley City,UT,84119,7.2,6,16
2010 W 500 S,Salt Lake City,UT,84104,3595 Main St,Salt Lake City,UT,84115,7.7,6,17
2010 W 500 S,Salt Lake City,UT,84104,380 W 2880 S,Salt Lake City,UT,84115,6.6,6,18
2010 W 500 S,Salt Lake City,UT,84104,410 S State St,Salt Lake City,UT,84111,3.2,6,19
2010 W 500 S,Salt Lake City,UT,84104,4300 S 1300 E,Millcreek,UT,84117,11.2,6,20
2010 W 500 S,Salt Lake City,UT,84104,4580 S 2300 E,Holladay,UT,84117,12.7,6,21
2010 W 500 S,Salt Lake City,UT,84104,5025 State St,Murray,UT,84107,10,6,22
2010 W 500 S,Salt Lake City,UT,84104,5100 South 2700 West,Salt Lake City,UT,84118,8.2,6,23
2010 W 500 S,Salt Lake City,UT,84104,5383 South 900 East #104,Salt Lake City,UT,84117,11.7,6,24
2010 W 500 S,Salt Lake City,UT,84104,600 E 900 South,Salt Lake City,UT,84105,5.1,6,25
2010 W 500 S,Salt Lake City,UT,84104,6351 South 900 East,Murray,UT,84121,14.2,6,26
2300 Parkway Blvd,West Valley City,UT,84119,233 Canyon Rd,Salt Lake City,UT,84103,7.7,7,8
2300 Parkway Blvd,West Valley City,UT,84119,2530 S 500 E,Salt Lake City,UT,84106,9.3,7,9
2300 Parkway Blvd,West Valley City,UT,84119,2600 Taylorsville Blvd,Salt Lake City,UT,84118,4.6,7,10
2300 Parkway Blvd,West Valley City,UT,84119,2835 Main St,Salt Lake City,UT,84115,4.8,7,11
2300 Parkway Blvd,West Valley City,UT,84119,300 State St,Salt Lake City,UT,84103,7.7,7,12
2300 Parkway Blvd,West Valley City,UT,84119,3060 Lester St,West Valley City,UT,84119,1.6,7,13
2300 Parkway Blvd,West Valley City,UT,84119,3148 S 1100 W,Salt Lake City,UT,84119,3.3,7,14
2300 Parkway Blvd,West Valley City,UT,84119,3365 S 900 W,Salt Lake City,UT,84119,3.4,7,15
2300 Parkway Blvd,West Valley City,UT,84119,3575 W Valley Central Station bus Loop,West Valley City,UT,84119,3.1,7,16
2300 Parkway Blvd,West Valley City,UT,84119,3595 Main St,Salt Lake City,UT,84115,5.1,7,17
2300 Parkway Blvd,West Valley City,UT,84119,380 W 2880 S,Salt Lake City,UT,84115,4.6,7,18
2300 Parkway Blvd,West Valley City,UT,84119,410 S State St,Salt Lake City,UT,84111,6.7,7,19
2300 Parkway Blvd,West Valley City,UT,84119,4300 S 1300 E,Millcreek,UT,84117,8.1,7,20
2300 Parkway Blvd,West Valley City,UT,84119,4580 S 2300 E,Holladay,UT,84117,10.4,7,21
2300 Parkway Blvd,West Valley City,UT,84119,5025 State St,Murray,UT,84107,7.8,7,22
2300 Parkway Blvd,West Valley City,UT,84119,5100 South 2700 West,Salt Lake City,UT,84118,4.2,7,23
2300 Parkway Blvd,West Valley City,UT,84119,5383 South 900 East #104,Salt Lake City,UT,84117,9.5,7,24
2300 Parkway Blvd,West Valley City,UT,84119,600 E 900 South,Salt Lake City,UT,84105,6.2,7,25
2300 Parkway Blvd,West Valley City,UT,84119,6351 South 900 East,Murray,UT,84121,10.7,7,26
233 Canyon Rd,Salt Lake City,UT,84103,2530 S 500 E,Salt Lake City,UT,84106,4.8,8,9
233 Canyon Rd,Salt Lake City,UT,84103,2600 Taylorsville Blvd,Salt Lake City,UT,84118,11.9,8,10
233 Canyon Rd,Salt Lake City,UT,84103,2835 Main St,Salt Lake City,UT,84115,4.7,8,11
233 Canyon Rd,Salt Lake City,UT,84103,300 State St,Salt Lake City,UT,84103,0.6,8,12
233 Canyon Rd,Salt Lake City,UT,84103,3060 Lester St,West Valley City,UT,84119,7.6,8,13
233 Canyon Rd,Salt Lake City,UT,84103,3148 S 1100 W,Salt Lake City,UT,84119,7.8,8,14
233 Canyon Rd,Salt Lake City,UT,84103,3365 S 900 W,Salt Lake City,UT,84119,6.6,8,15
233 Canyon Rd,Salt Lake City,UT,84103,3575 W Valley Central Station bus Loop,West Valley City,UT,84119,7.2,8,16
233 Canyon Rd,Salt Lake City,UT,84103,3595 Main St,Salt Lake City,UT,84115,5.9,8,17
233 Canyon Rd,Salt Lake City,UT,84103,380 W 2880 S,Salt Lake City,UT,84115,5.4,8,18
233 Canyon Rd,Salt Lake City,UT,84103,410 S State St,Salt Lake City,UT,84111,1,8,19
233 Canyon Rd,Salt Lake City,UT,84103,4300 S 1300 E,Millcreek,UT,84117,8.5,8,20
233 Canyon Rd,Salt Lake City,UT,84103,4580 S 2300 E,Holladay,UT,84117,10.3,8,21
233 Canyon Rd,Salt Lake City,UT,84103,5025 State St,Murray,UT,84107,7.8,8,22
233 Canyon Rd,Salt Lake City,UT,84103,5100 South 2700 West,Salt Lake City,UT,84118,11.5,8,23
233 Canyon Rd,Salt Lake City,UT,84103,5383 South 900 East #104,Salt Lake City,UT,84117,9.5,8,24
233 Canyon Rd,Salt Lake City,UT,84103,600 E 900 South,Salt Lake City,UT,84105,2.8,8,25
233 Canyon Rd,Salt Lake City,UT,84103,6351 South 900 East,Murray,UT,84121,14.1,8,26
2530 S 500 E,Salt Lake City,UT,84106,2600 Taylorsville Blvd,Salt Lake City,UT,84118,9.4,9,10
2530 S 500 E,Salt Lake City,UT,84106,2835 Main St,Salt Lake City,UT,84115,1.1,9,11
2530 S 500 E,Salt Lake City,UT,84106,300 State St,Salt Lake City,UT,84103,5.1,9,12
2530 S 500 E,Salt Lake City,UT,84106,3060 Lester St,West Valley City,UT,84119,4.6,9,13
2530 S 500 E,Salt Lake City,UT,84106,3148 S 1100 W,Salt Lake City,UT,84119,3.7,9,14
2530 S 500 E,Salt Lake City,UT,84106,3365 S 900 W,Salt Lake City,UT,84119,4,9,15
2530 S 500 E,Salt Lake City,UT,84106,3575 W Valley Central Station bus Loop,West Valley City,UT,84119,6.7,9,16
2530 S 500 E,Salt Lake City,UT,84106,3595 Main St,Salt Lake City,UT,84115,2.3,9,17
2530 S 500 E,Salt Lake City,UT,84106,380 W 2880 S,Salt Lake City,UT,84115,1.8,9,18
2530 S 500 E,Salt Lake City,UT,84106,410 S State St,Salt Lake City,UT,84111,4.1,9,19
2530 S 500 E,Salt Lake City,UT,84106,4300 S 1300 E,Millcreek,UT,84117,3.8,9,20
2530 S 500 E,Salt Lake City,UT,84106,4580 S 2300 E,Holladay,UT,84117,5.8,9,21
2530 S 500 E,Salt Lake City,UT,84106,5025 State St,Murray,UT,84107,4.3,9,22
2530 S 500 E,Salt Lake City,UT,84106,5100 South 2700 West,Salt Lake City,UT,84118,7.8,9,23
2530 S 500 E,Salt Lake City,UT,84106,5383 South 900 East #104,Salt Lake City,UT,84117,4.8,9,24
2530 S 500 E,Salt Lake City,UT,84106,600 E 900 South,Salt Lake City,UT,84105,3.2,9,25
2530 S 500 E,Salt Lake City,UT,84106,6351 South 900 East,Murray,UT,84121,6,9,26
2600 Taylorsville Blvd,Salt Lake City,UT,84118,2835 Main St,Salt Lake City,UT,84115,7.3,10,11
2600 Taylorsville Blvd,Salt Lake City,UT,84118,300 State St,Salt Lake City,UT,84103,12,10,12
2600 Taylorsville Blvd,Salt Lake City,UT,84118,3060 Lester St,West Valley City,UT,84119,4.9,10,13
2600 Taylorsville Blvd,Salt Lake City,UT,84118,3148 S 1100 W,Salt Lake City,UT,84119,5.2,10,14
2600 Taylorsville Blvd,Salt Lake City,UT,84118,3365 S 900 W,Salt Lake City,UT,84119,5.4,10,15
2600 Taylorsville Blvd,Salt Lake City,UT,84118,3575 W Valley Central Station bus Loop,West Valley City,UT,84119,8.1,10,16
2600 Taylorsville Blvd,Salt Lake City,UT,84118,3595 Main St,Salt Lake City,UT,84115,6.2,10,17
2600 Taylorsville Blvd,Salt Lake City,UT,84118,380 W 2880 S,Salt Lake City,UT,84115,6.9,10,18
2600 Taylorsville Blvd,Salt Lake City,UT,84118,410 S State St,Salt Lake City,UT,84111,11.5,10,19
2600 Taylorsville Blvd,Salt Lake City,UT,84118,4300 S 1300 E,Millcreek,UT,84117,6.9,10,20
2600 Taylorsville Blvd,Salt Lake City,UT,84118,4580 S 2300 E,Holladay,UT,84117,8.3,10,21
2600 Taylorsville Blvd,Salt Lake City,UT,84118,5025 State St,Murray,UT,84107,4.1,10,22
2600 Taylorsville Blvd,Salt Lake City,UT,84118,5100 South 2700 West,Salt Lake City,UT,84118,0.4,10,23
2600 Taylorsville Blvd,Salt Lake City,UT,84118,5383 South 900 East #104,Salt Lake City,UT,84117,4.9,10,24
2600 Taylorsville Blvd,Salt Lake City,UT,84118,600 E 900 South,Salt Lake City,UT,84105,11,10,25
2600 Taylorsville Blvd,Salt Lake City,UT,84118,6351 South 900 East,Murray,UT,84121,6.8,10,26
2835 Main St,Salt Lake City,UT,84115,300 State St,Salt Lake City,UT,84103,4.7,11,12
2835 Main St,Salt Lake City,UT,84115,3060 Lester St,West Valley City,UT,84119,3.5,11,13
2835 Main St,Salt Lake City,UT,84115,3148 S 1100 W,Salt Lake City,UT,84119,2.6,11,14
2835 Main St,Salt Lake City,UT,84115,3365 S 900 W,Salt Lake City,UT,84119,2.9,11,15
2835 Main St,Salt Lake City,UT,84115,3575 W Valley Central Station bus Loop,West Valley City,UT,84119,6.3,11,16
2835 Main St,Salt Lake City,UT,84115,3595 Main St,Salt Lake City,UT,84115,1.2,11,17
2835 Main St,Salt Lake City,UT,84115,380 W 2880 S,Salt Lake City,UT,84115,1,11,18
2835 Main St,Salt Lake City,UT,84115,410 S State St,Salt Lake City,UT,84111,3.7,11,19
2835 Main St,Salt Lake City,UT,84115,4300 S 1300 E,Millcreek,UT,84117,4.1,11,20
2835 Main St,Salt Lake City,UT,84115,4580 S 2300 E,Holladay,UT,84117,6.2,11,21
2835 Main St,Salt Lake City,UT,84115,5025 State St,Murray,UT,84107,3.4,11,22
2835 Main St,Salt Lake City,UT,84115,5100 South 2700 West,Salt Lake City,UT,84118,6.9,11,23
2835 Main St,Salt Lake City,UT,84115,5383 South 900 East #104,Salt Lake City,UT,84117,5.2,11,24
2835 Main St,Salt Lake City,UT,84115,600 E 900 South,Salt Lake City,UT,84105,3.7,11,25
2835 Main St,Salt Lake City,UT,84115,6351 South 900 East,Murray,UT,84121,6.4,11,26
300 State St,Salt Lake City,UT,84103,3060 Lester St,West Valley City,UT,84119,7.3,12,13
300 State St,Salt Lake City,UT,84103,3148 S 1100 W,Salt Lake City,UT,84119,7.8,12,14
300 State St,Salt Lake City,UT,84103,3365 S 900 W,Salt Lake City,UT,84119,6.6,12,15
300 State St,Salt Lake City,UT,84103,3575 W Valley Central Station bus Loop,West Valley City,UT,84119,7.2,12,16
300 State St,Salt Lake City,UT,84103,3595 Main St,Salt Lake City,UT,84115,5.9,12,17
300 State St,Salt Lake City,UT,84103,380 W 2880 S,Salt Lake City,UT,84115,5.4,12,18
300 State St,Salt Lake City,UT,84103,410 S State St,Salt Lake City,UT,84111,1,12,19
300 State St,Salt Lake City,UT,84103,4300 S 1300 E,Millcreek,UT,84117,8.5,12,20
300 State St,Salt Lake City,UT,84103,4580 S 2300 E,Holladay,UT,84117,10.3,12,21
300 State St,Salt Lake City,UT,84103,5025 State St,Murray,UT,84107,7.8,12,22
300 State St,Salt Lake City,UT,84103,5100 South 2700 West,Salt Lake City,UT,84118,11.5,12,23
300 State St,Salt Lake City,UT,84103,5383 South 900 East #104,Salt Lake City,UT,84117,9.5,12,24
300 State St,Salt Lake City,UT,84103,600 E 900 South,Salt Lake City,UT,84105,2.8,12,25
300 State St,Salt Lake City,UT,84103,6351 South 900 East,Murray,UT,84121,14.1,12,26
3060 Lester St,West Valley City,UT,84119,3148 S 1100 W,Salt Lake City,UT,84119,1.3,13,14
3060 Lester St,West Valley City,UT,84119,3365 S 900 W,Salt Lake City,UT,84119,1.5,13,15
3060 Lester St,West Valley City,UT,84119,3575 W Valley Central Station bus Loop,West Valley City,UT,84119,4,13,16
3060 Lester St,West Valley City,UT,84119,3595 Main St,Salt Lake City,UT,84115,3.2,13,17
3060 Lester St,West Valley City,UT,84119,380 W 2880 S,Salt Lake City,UT,84115,3,13,18
3060 Lester St,West Valley City,UT,84119,410 S State St,Salt Lake City,UT,84111,6.9,13,19
3060 Lester St,West Valley City,UT,84119,4300 S 1300 E,Millcreek,UT,84117,6.2,13,20
3060 Lester St,West Valley City,UT,84119,4580 S 2300 E,Holladay,UT,84117,8.2,13,21
3060 Lester St,West Valley City,UT,84119,5025 State St,Murray,UT,84107,5.5,13,22
3060 Lester St,West Valley City,UT,84119,5100 South 2700 West,Salt Lake City,UT,84118,4.4,13,23
3060 Lester St,West Valley City,UT,84119,5383 South 900 East #104,Salt Lake City,UT,84117,7.2,13,24
3060 Lester St,West Valley City,UT,84119,600 E 900 South,Salt Lake City,UT,84105,6.4,13,25
3060 Lester St,West Valley City,UT,84119,6351 South 900 East,Murray,UT,84121,10.5,13,26
3148 S 1100 W,Salt Lake City,UT,84119,3365 S 900 W,Salt Lake City,UT,84119,0.6,14,15
3148 S 1100 W,Salt Lake City,UT,84119,3575 W Valley Central Station bus Loop,West Valley City,UT,84119,6.4,14,16
3148 S 1100 W,Salt Lake City,UT,84119,3595 Main St,Salt Lake City,UT,84115,2.4,14,17
3148 S 1100 W,Salt Lake City,UT,84119,380 W 2880 S,Salt Lake City,UT,84115,2.2,14,18
3148 S 1100 W,Salt Lake City,UT,84119,410 S State St,Salt Lake City,UT,84111,6.8,14,19
3148 S 1100 W,Salt Lake City,UT,84119,4300 S 1300 E,Millcreek,UT,84117,5.3,14,20
3148 S 1100 W,Salt Lake City,UT,84119,4580 S 2300 E,Holladay,UT,84117,7.4,14,21
3148 S 1100 W,Salt Lake City,UT,84119,5025 State St,Murray,UT,84107,4.6,14,22
3148 S 1100 W,Salt Lake City,UT,84119,5100 South 2700 West,Salt Lake City,UT,84118,4.8,14,23
3148 S 1100 W,Salt Lake City,UT,84119,5383 South 900 East #104,Salt Lake City,UT,84117,6.3,14,24
3148 S 1100 W,Salt Lake City,UT,84119,600 E 900 South,Salt Lake City,UT,84105,6.5,14,25
3148 S 1100 W,Salt Lake City,UT,84119,6351 South 900 East,Murray,UT,84121,8.8,14,26
3365 S 900 W,Salt Lake City,UT,84119,3575 W Valley Central Station bus Loop,West Valley City,UT,84119,5.6,15,16
3365 S 900 W,Salt Lake City,UT,84119,3595 Main St,Salt Lake City,UT,84115,1.6,15,17
3365 S 900 W,Salt Lake City,UT,84119,380 W 2880 S,Salt Lake City,UT,84115,1.7,15,18
3365 S 900 W,Salt Lake City,UT,84119,410 S State St,Salt Lake City,UT,84111,6.4,15,19
3365 S 900 W,Salt Lake City,UT,84119,4300 S 1300 E,Millcreek,UT,84117,4.9,15,20
3365 S 900 W,Salt Lake City,UT,84119,4580 S 2300 E,Holladay,UT,84117,6.9,15,21
3365 S 900 W,Salt Lake City,UT,84119,5025 State St,Murray,UT,84107,4.2,15,22
3365 S 900 W,Salt Lake City,UT,84119,5100 South 2700 West,Salt Lake City,UT,84118,5.6,15,23
3365 S 900 W,Salt Lake City,UT,84119,5383 South 900 East #104,Salt Lake City,UT,84117,5.9,15,24
3365 S 900 W,Salt Lake City,UT,84119,600 E 900 South,Salt Lake City,UT,84105,5.7,15,25
3365 S 900 W,Salt Lake City,UT,84119,6351 South 900 East,Murray,UT,84121,8.4,15,26
3575 W Valley Central Station bus Loop,West Valley City,UT,84119,3595 Main St,Salt Lake City,UT,84115,7.1,16,17
3575 W Valley Central Station bus Loop,West Valley City,UT,84119,380 W 2880 S,Salt Lake City,UT,84115,6.1,16,18
3575 W Valley Central Station bus Loop,West Valley City,UT,84119,410 S State St,Salt Lake City,UT,84111,7.2,16,19
3575 W Valley Central Station bus Loop,West Valley City,UT,84119,4300 S 1300 E,Millcreek,UT,84117,10.6,16,20
3575 W Valley Central Station bus Loop,West Valley City,UT,84119,4580 S 2300 E,Holladay,UT,84117,12,16,21
3575 W Valley Central Station bus Loop,West Valley City,UT,84119,5025 State St,Murray,UT,84107,9.4,16,22
3575 W Valley Central Station bus Loop,West Valley City,UT,84119,5100 South 2700 West,Salt Lake City,UT,84118,7.5,16,23
3575 W Valley Central Station bus Loop,West Valley City,UT,84119,5383 South 900 East #104,Salt Lake City,UT,84117,11.1,16,24
3575 W Valley Central Station bus Loop,West Valley City,UT,84119,600 E 900 South,Salt Lake City,UT,84105,6.2,16,25
3575 W Valley Central Station bus Loop,West Valley City,UT,84119,6351 South 900 East,Murray,UT,84121,13.6,16,26
3595 Main St,Salt Lake City,UT,84115,380 W 2880 S,Salt Lake City,UT,84115,1.6,17,18
3595 Main St,Salt Lake City,UT,84115,410 S State St,Salt Lake City,UT,84111,4.9,17,19
3595 Main St,Salt Lake City,UT,84115,4300 S 1300 E,Millcreek,UT,84117,3,17,20
3595 Main St,Salt Lake City,UT,84115,4580 S 2300 E,Holladay,UT,84117,5,17,21
3595 Main St,Salt Lake City,UT,84115,5025 State St,Murray,UT,84107,2.3,17,22
3595 Main St,Salt Lake City,UT,84115,5100 South 2700 West,Salt Lake City,UT,84118,5.5,17,23
3595 Main St,Salt Lake City,UT,84115,5383 South 900 East #104,Salt Lake City,UT,84117,4,17,24
3595 Main St,Salt Lake City,UT,84115,600 E 900 South,Salt Lake City,UT,84105,5.1,17,25
3595 Main St,Salt Lake City,UT,84115,6351 South 900 East,Murray,UT,84121,5.2,17,26
380 W 2880 S,Salt Lake City,UT,84115,410 S State St,Salt Lake City,UT,84111,4.4,18,19
380 W 2880 S,Salt Lake City,UT,84115,4300 S 1300 E,Millcreek,UT,84117,4.6,18,20
380 W 2880 S,Salt Lake City,UT,84115,4580 S 2300 E,Holladay,UT,84117,6.6,18,21
380 W 2880 S,Salt Lake City,UT,84115,5025 State St,Murray,UT,84107,3.9,18,22
380 W 2880 S,Salt Lake City,UT,84115,5100 South 2700 West,Salt Lake City,UT,84118,6.5,18,23
380 W 2880 S,Salt Lake City,UT,84115,5383 South 900 East #104,Salt Lake City,UT,84117,5.6,18,24
380 W 2880 S,Salt Lake City,UT,84115,600 E 900 South,Salt Lake City,UT,84105,4.3,18,25
380 W 2880 S,Salt Lake City,UT,84115,6351 South 900 East,Murray,UT,84121,6.9,18,26
410 S State St,Salt Lake City,UT,84111,4300 S 1300 E,Millcreek,UT,84117,7.5,19,20
410 S State St,Salt Lake City,UT,84111,4580 S 2300 E,Holladay,UT,84117,9.3,19,21
410 S State St,Salt Lake City,UT,84111,5025 State St,Murray,UT,84107,6.8,19,22
410 S State St,Salt Lake City,UT,84111,5100 South 2700 West,Salt Lake City,UT,84118,11.4,19,23
410 S State St,Salt Lake City,UT,84111,5383 South 900 East #104,Salt Lake City,UT,84117,8.5,19,24
410 S State St,Salt Lake City,UT,84111,600 E 900 South,Salt Lake City,UT,84105,1.8,19,25
410 S State St,Salt Lake City,UT,84111,6351 South 900 East,Murray,UT,84121,13.1,19,26
4300 S 1300 E,Millcreek,UT,84117,4580 S 2300 E,Holladay,UT,84117,2,20,21
4300 S 1300 E,Millcreek,UT,84117,5025 State St,Murray,UT,84107,2.9,20,22
4300 S 1300 E,Millcreek,UT,84117,5100 South 2700 West,Salt Lake City,UT,84118,6.4,20,23
4300 S 1300 E,Millcreek,UT,84117,5383 South 900 East #104,Salt Lake City,UT,84117,2.8,20,24
4300 S 1300 E,Millcreek,UT,84117,600 E 900 South,Salt Lake City,UT,84105,6,20,25
4300 S 1300 E,Millcreek,UT,84117,6351 South 900 East,Murray,UT,84121,4.1,20,26
4580 S 2300 E,Holladay,UT,84117,5025 State St,Murray,UT,84107,4.4,21,22
4580 S 2300 E,Holladay,UT,84117,5100 South 2700 West,Salt Lake City,UT,84118,7.9,21,23
4580 S 2300 E,Holladay,UT,84117,5383 South 900 East #104,Salt Lake City,UT,84117,3.4,21,24
4580 S 2300 E,Holladay,UT,84117,600 E 900 South,Salt Lake City,UT,84105,7.9,21,25
4580 S 2300 E,Holladay,UT,84117,6351 South 900 East,Murray,UT,84121,4.7,21,26
5025 State St,Murray,UT,84107,5100 South 2700 West,Salt Lake City,UT,84118,4.5,22,23
5025 State St,Murray,UT,84107,5383 South 900 East #104,Salt Lake City,UT,84117,1.7,22,24
5025 State St,Murray,UT,84107,600 E 900 South,Salt Lake City,UT,84105,6.8,22,25
5025 State St,Murray,UT,84107,6351 South 900 East,Murray,UT,84121,3.1,22,26
5100 South 2700 West,Salt Lake City,UT,84118,5383 South 900 East #104,Salt Lake City,UT,84117,5.4,23,24
5100 South 2700 West,Salt Lake City,UT,84118,600 E 900 South,Salt Lake City,UT,84105,10.6,23,25
5100 South 2700 West,Salt Lake City,UT,84118,6351 South 900 East,Murray,UT,84121,7.8,23,26
5383 South 900 East #104,Salt Lake City,UT,84117,600 E 900 South,Salt Lake City,UT,84105,7,24,25
5383 South 900 East #104,Salt Lake City,UT,84117,6351 South 900 East,Murray,UT,84121,1.3,24,26
600 E 900 South,Salt Lake City,UT,84105,6351 South 900 East,Murray,UT,84121,8.3,25,26
4001 South 700 East,Salt Lake City,UT,84107,4001 South 700 East,Salt Lake City,UT,84107,0,0,0
1060 Dalton Ave S,Salt Lake City,UT,84104,1060 Dalton Ave S,Salt Lake City,UT,84104,0,1,1
1330 2100 S,Salt Lake City,UT,84106,1330 2100 S,Salt Lake City,UT,84106,0,2,2
1488 4800 S,Salt Lake City,UT,84123,1488 4800 S,Salt Lake City,UT,84123,0,3,3
177 W Price Ave,Salt Lake City,UT,84115,177 W Price Ave,Salt Lake City,UT,84115,0,4,4
195 W Oakland Ave,Salt Lake City,UT,84115,195 W Oakland Ave,Salt Lake City,UT,84115,0,5,5
2010 W 500 S,Salt Lake City,UT,84104,2010 W 500 S,Salt Lake City,UT,84104,0,6,6
2300 Parkway Blvd,West Valley City,UT,84119,2300 Parkway Blvd,West Valley City,UT,84119,0,7,7
233 Canyon Rd,Salt Lake City,UT,84103,233 Canyon Rd,Salt Lake City,UT,84103,0,8,8
2530 S 500 E,Salt Lake City,UT,84106,2530 S 500 E,Salt Lake City,UT,84106,0,9,9
2600 Taylorsville Blvd,Salt Lake City,UT,84118,2600 Taylorsville Blvd,Salt Lake City,UT,84118,0,10,10
2835 Main St,Salt Lake City,UT,84115,2835 Main St,Salt Lake City,UT,84115,0,11,11
300 State St,Salt Lake City,UT,84103,300 State St,Salt Lake City,UT,84103,0,12,12
3060 Lester St,West Valley City,UT,84119,3060 Lester St,West Valley City,UT,84119,0,13,13
3148 S 1100 W,Salt Lake City,UT,84119,3148 S 1100 W,Salt Lake City,UT,84119,0,14,14
3365 S 900 W,Salt Lake City,UT,84119,3365 S 900 W,Salt Lake City,UT,84119,0,15,15
3575 W Valley Central Station bus Loop,West Valley City,UT,84119,3575 W Valley Central Station bus Loop,West Valley City,UT,84119,0,16,16
3595 Main St,Salt Lake City,UT,84115,3595 Main St,Salt Lake City,UT,84115,0,17,17
380 W 2880 S,Salt Lake City,UT,84115,380 W 2880 S,Salt Lake City,UT,84115,0,18,18
410 S State St,Salt Lake City,UT,84111,410 S State St,Salt Lake City,UT,84111,0,19,19
4300 S 1300 E,Millcreek,UT,84117,4300 S 1300 E,Millcreek,UT,84117,0,20,20
4580 S 2300 E,Holladay,UT,84117,4580 S 2300 E,Holladay,UT,84117,0,21,21
5025 State St,Murray,UT,84107,5025 State St,Murray,UT,84107,0,22,22
5100 South 2700 West,Salt Lake City,UT,84118,5100 South 2700 West,Salt Lake City,UT,84118,0,23,23
5383 South 900 East #104,Salt Lake City,UT,84117,5383 South 900 East #104,Salt Lake City,UT,84117,0,24,24
600 E 900 South,Salt Lake City,UT,84105,600 E 900 South,Salt Lake City,UT,84105,0,25,25
6351 South 900 East,Murray,UT,84121,6351 South 900 East,Murray,UT,84121,0,26,26
